command,mean,stddev,user,system,min,max
./rust/target/release/rust,0.0005975608141696103,0.0003475425836526193,0.0007135849293286216,0.0006091982287985862,0.000220157769999999,0.005212977769999999
./chapel/target/release/chapel,0.015095950076122447,0.0016507390650467833,0.013067882278911562,0.0021223855102040813,0.01134623377,0.019541979770000002
python python/python.py,0.018526850997586206,0.001584161261117631,0.01567516775862069,0.002912326620689655,0.01633767277,0.023502301769999998
Rscript r/R.r,0.16303230177,0.004702316235119868,0.13629085166666663,0.028514289444444445,0.15657982877,0.17457770477
julia julia/julia.jl,0.6588961618700001,0.02021030553121225,0.599270985,0.056676545,0.63409232377,0.7016025587700001
