command,mean,stddev,user,system,min,max
./rust/target/release/rust,0.000496915440714286,0.0004399106982154517,0.00067066756868132,0.0006014902197802198,0.00006951253000000036,0.00241373153
./chapel/target/release/chapel,0.014941687029999998,0.0019143892592059215,0.013432219494382018,0.0018963883146067419,0.01232607953,0.023256577530000003
python python/python.py,0.018845373580505045,0.002166632271545402,0.015799976616161615,0.0030527143434343432,0.01596581553,0.027938451530000002
Rscript r/R.r,0.1645763654188889,0.00676842986861559,0.14201309277777774,0.024277153333333336,0.15511606153000002,0.18130441353
