command,mean,stddev,user,system,min,max
./rust/target/release/rust,0.0005910747295390067,0.00038028479144036625,0.0006378046453900723,0.00061244475177305,0.0002420225149999994,0.0024450525149999998
./oxide/target/release/oxide,0.0011726356696391753,0.00045335752158081325,0.001092475623711341,0.0006774786185567011,0.0006968035149999994,0.0037458505149999995
./chapel/target/release/chapel,0.015352277762191016,0.002136524016010063,0.013557049382022478,0.0016879482022471915,0.012585216515,0.022666210515
python python/python.py,0.018691345482213108,0.001662891071756442,0.01608646483606557,0.0026266321311475406,0.016308061515,0.025874737515
Rscript r/R.r,0.1572197362372222,0.003993853154393575,0.1353264438888889,0.02361065777777778,0.151925767515,0.16462191151500002
julia julia/julia.jl,0.630136127615,0.010722866855887112,0.5744037550000002,0.05318658,0.6152319605150001,0.652032011515
